{
  "fold": [
    1,
    2,
    3,
    4,
    5
  ],
  "val_auc": [
    0.63,
    0.7228571428571429,
    0.7700534759358287,
    0.7823529411764706,
    0.7852941176470589
  ],
  "val_sensitivity": [
    0.6857142857142857,
    0.8571428571428571,
    0.5,
    0.6470588235294118,
    0.6176470588235294
  ],
  "val_specificity": [
    0.7,
    0.7,
    1.0,
    0.9,
    1.0
  ],
  "val_f1": [
    0.7741935483870968,
    0.8823529411764706,
    0.6666666666666666,
    0.7719298245614035,
    0.7636363636363637
  ],
  "best_threshold": [
    0.9984968900680542,
    0.3645297884941101,
    0.9879081845283508,
    0.998921275138855,
    0.2960965931415558
  ],
  "best_epoch": [
    25,
    25,
    25,
    25,
    25
  ],
  "pos_weight": [
    0.29927006363868713,
    0.29927006363868713,
    0.28985506296157837,
    0.2971014380455017,
    0.2971014380455017
  ],
  "class_cost_weights": [
    [
      1.5393258333206177,
      0.46067413687705994
    ],
    [
      1.5393258333206177,
      0.46067413687705994
    ],
    [
      1.550561785697937,
      0.4494382441043854
    ],
    [
      1.5418994426727295,
      0.4581005573272705
    ],
    [
      1.5418994426727295,
      0.4581005573272705
    ]
  ]
}