{
  "fold": [
    1,
    2,
    3,
    4,
    5
  ],
  "val_auc": [
    0.7525252525252526,
    0.7573529411764706,
    0.6493055555555557,
    0.68561872909699,
    0.6936507936507937
  ],
  "val_sensitivity": [
    0.8181818181818182,
    0.4411764705882353,
    0.75,
    0.782608695652174,
    0.7428571428571429
  ],
  "val_specificity": [
    0.6666666666666666,
    1.0,
    0.75,
    0.6153846153846154,
    0.8888888888888888
  ],
  "val_f1": [
    0.8674698795180723,
    0.6122448979591837,
    0.8307692307692308,
    0.782608695652174,
    0.8387096774193549
  ],
  "best_threshold": [
    0.045348577201366425,
    0.3356790840625763,
    0.923123836517334,
    0.838143527507782,
    0.9996165037155151
  ],
  "best_epoch": [
    25,
    25,
    25,
    25,
    25
  ],
  "pos_weight": [
    0.328125,
    0.28260868787765503,
    0.31617647409439087,
    0.25503355264663696,
    0.30656933784484863
  ],
  "class_cost_weights": [
    [
      1.5058823823928833,
      0.4941176772117615
    ],
    [
      1.5593219995498657,
      0.4406779408454895
    ],
    [
      1.5195530652999878,
      0.4804469048976898
    ],
    [
      1.5935828685760498,
      0.4064171314239502
    ],
    [
      1.5307263135910034,
      0.46927377581596375
    ]
  ]
}