{
  "fold": [
    1,
    2,
    3,
    4,
    5
  ],
  "val_auc": [
    0.5685714285714285,
    0.7685714285714286,
    0.7807486631016043,
    0.7264705882352941,
    0.7
  ],
  "val_sensitivity": [
    0.8,
    0.8,
    0.7058823529411765,
    0.8529411764705882,
    0.9411764705882353
  ],
  "val_specificity": [
    0.5,
    0.7,
    0.8181818181818182,
    0.6,
    0.5
  ],
  "val_f1": [
    0.8235294117647058,
    0.8484848484848485,
    0.8,
    0.8656716417910447,
    0.9014084507042254
  ],
  "best_threshold": [
    0.4844355881214142,
    0.5313801169395447,
    0.3420882821083069,
    0.9924025535583496,
    0.0005537180695682764
  ],
  "best_epoch": [
    25,
    25,
    25,
    25,
    25
  ],
  "pos_weight": [
    0.29927006363868713,
    0.29927006363868713,
    0.28985506296157837,
    0.2971014380455017,
    0.2971014380455017
  ],
  "class_cost_weights": [
    [
      1.5393258333206177,
      0.46067413687705994
    ],
    [
      1.5393258333206177,
      0.46067413687705994
    ],
    [
      1.550561785697937,
      0.4494382441043854
    ],
    [
      1.5418994426727295,
      0.4581005573272705
    ],
    [
      1.5418994426727295,
      0.4581005573272705
    ]
  ]
}