{
  "fold": [
    1.0,
    2.0,
    3.0,
    4.0,
    5.0
  ],
  "val_loss": [],
  "val_auc": [
    0.7202932098765433,
    0.7056327160493827,
    0.7819960861056752,
    0.6821917808219178,
    0.7253968253968254
  ],
  "val_sensitivity": [
    0.6944444444444444,
    0.9722222222222222,
    0.7142857142857143,
    0.8857142857142857,
    0.9428571428571428
  ],
  "val_specificity": [
    0.7222222222222222,
    0.375,
    0.821917808219178,
    0.4657534246575342,
    0.4722222222222222
  ],
  "val_f1": [
    0.6172839506172839,
    0.603448275862069,
    0.684931506849315,
    0.5904761904761905,
    0.6226415094339622
  ],
  "best_threshold": [
    0.006934791803359985,
    7.080783461788087e-07,
    0.05274469777941704,
    1.2678854545811191e-05,
    6.952542025828734e-05
  ],
  "best_epoch": [
    25.0,
    25.0,
    25.0,
    25.0,
    25.0
  ]
}