DatasetIndex,PatientID,Probability,Margin
239,1b349d5ca,2.6821892333828146e-06,0.3621480167109894
543,da07ac132,5.47348172403872e-05,0.3620959640829824
573,f328caa31,0.004296057857573032,0.35785464104264975
229,147dcf43b,0.03843781724572182,0.32371288165450096
404,834fb0636,0.3201605975627899,0.04199010133743286
