{
  "fold": [
    1,
    2,
    3,
    4,
    5
  ],
  "val_auc": [
    0.7449494949494949,
    0.7316176470588235,
    0.7708333333333334,
    0.5284280936454849,
    0.6507936507936508
  ],
  "val_sensitivity": [
    0.7272727272727273,
    0.8529411764705882,
    0.4722222222222222,
    0.9130434782608695,
    0.7142857142857143
  ],
  "val_specificity": [
    0.7777777777777778,
    0.6666666666666666,
    1.0,
    0.3076923076923077,
    0.6666666666666666
  ],
  "val_f1": [
    0.8205128205128205,
    0.8656716417910447,
    0.6415094339622641,
    0.7924528301886793,
    0.7936507936507936
  ],
  "best_threshold": [
    0.919867753982544,
    0.9993242025375366,
    0.9958009123802185,
    0.2407057285308838,
    0.9977378845214844
  ],
  "best_epoch": [
    25,
    25,
    25,
    25,
    25
  ],
  "pos_weight": [
    0.328125,
    0.28260868787765503,
    0.31617647409439087,
    0.25503355264663696,
    0.30656933784484863
  ],
  "class_cost_weights": [
    [
      1.5058823823928833,
      0.4941176772117615
    ],
    [
      1.5593219995498657,
      0.4406779408454895
    ],
    [
      1.5195530652999878,
      0.4804469048976898
    ],
    [
      1.5935828685760498,
      0.4064171314239502
    ],
    [
      1.5307263135910034,
      0.46927377581596375
    ]
  ]
}