DatasetIndex,PatientID,Probability,Margin
551,df57b92f6,0.00019731215434148908,0.9877108723740093
411,86b7754e0,0.00031996131292544305,0.9875882232154254
255,23cd008c9,0.0008847538847476244,0.9870234306436032
508,bd6b65027,0.0011988973710685968,0.9867092871572822
427,8eef0619f,0.0016105154063552618,0.9862976691219956
