{
  "fold": [
    1,
    2,
    3,
    4,
    5
  ],
  "val_auc": [
    0.6342857142857143,
    0.7028571428571428,
    0.7967914438502675,
    0.6558823529411765,
    0.8058823529411765
  ],
  "val_sensitivity": [
    0.6857142857142857,
    0.6857142857142857,
    0.6176470588235294,
    0.4117647058823529,
    0.8529411764705882
  ],
  "val_specificity": [
    0.7,
    0.7,
    0.9090909090909091,
    0.9,
    0.7
  ],
  "val_f1": [
    0.7741935483870968,
    0.7741935483870968,
    0.75,
    0.5714285714285714,
    0.8787878787878788
  ],
  "best_threshold": [
    0.9947251677513123,
    0.2672423720359802,
    0.3621506989002228,
    0.6232291460037231,
    0.3174314796924591
  ],
  "best_epoch": [
    25,
    25,
    25,
    25,
    25
  ],
  "pos_weight": [
    0.29927006363868713,
    0.29927006363868713,
    0.28985506296157837,
    0.2971014380455017,
    0.2971014380455017
  ],
  "class_cost_weights": [
    [
      1.5393258333206177,
      0.46067413687705994
    ],
    [
      1.5393258333206177,
      0.46067413687705994
    ],
    [
      1.550561785697937,
      0.4494382441043854
    ],
    [
      1.5418994426727295,
      0.4581005573272705
    ],
    [
      1.5418994426727295,
      0.4581005573272705
    ]
  ]
}