{
  "fold": [
    1.0,
    2.0,
    3.0,
    4.0,
    5.0
  ],
  "val_loss": [],
  "val_auc": [
    0.6892361111111112,
    0.7756558641975309,
    0.687866927592955,
    0.7050880626223093,
    0.7261904761904762
  ],
  "val_sensitivity": [
    0.6944444444444444,
    0.5555555555555556,
    0.6571428571428571,
    0.5714285714285714,
    0.7714285714285715
  ],
  "val_specificity": [
    0.6805555555555556,
    0.875,
    0.684931506849315,
    0.7671232876712328,
    0.6666666666666666
  ],
  "val_f1": [
    0.5952380952380952,
    0.6153846153846154,
    0.5679012345679012,
    0.5555555555555556,
    0.627906976744186
  ],
  "best_threshold": [
    0.0004966465057805181,
    0.9836242198944092,
    0.0007410745602101088,
    0.011364906094968319,
    0.004109810572117567
  ],
  "best_epoch": [
    25.0,
    25.0,
    25.0,
    25.0,
    25.0
  ]
}