{
  "fold": [
    1,
    2,
    3,
    4,
    5
  ],
  "val_auc": [
    0.7045454545454546,
    0.7401960784313726,
    0.6770833333333333,
    0.6454849498327759,
    0.6730158730158731
  ],
  "val_sensitivity": [
    0.6818181818181818,
    0.8823529411764706,
    0.8888888888888888,
    0.4782608695652174,
    0.5428571428571428
  ],
  "val_specificity": [
    0.7777777777777778,
    0.5833333333333334,
    0.625,
    0.9230769230769231,
    0.8888888888888888
  ],
  "val_f1": [
    0.7894736842105263,
    0.8695652173913043,
    0.9014084507042254,
    0.6285714285714286,
    0.6909090909090909
  ],
  "best_threshold": [
    0.9798364043235779,
    0.26251858472824097,
    0.060252945870161057,
    0.26532915234565735,
    0.7334308624267578
  ],
  "best_epoch": [
    25,
    25,
    25,
    25,
    25
  ],
  "pos_weight": [
    0.328125,
    0.28260868787765503,
    0.31617647409439087,
    0.25503355264663696,
    0.30656933784484863
  ],
  "class_cost_weights": [
    [
      1.5058823823928833,
      0.4941176772117615
    ],
    [
      1.5593219995498657,
      0.4406779408454895
    ],
    [
      1.5195530652999878,
      0.4804469048976898
    ],
    [
      1.5935828685760498,
      0.4064171314239502
    ],
    [
      1.5307263135910034,
      0.46927377581596375
    ]
  ]
}