DatasetIndex,PatientID,Probability,Margin
427,8eef0619f,0.33465245366096497,0.3499285876750946
551,df57b92f6,0.29514986276626587,0.3894311785697937
234,16cf80a1a,0.2799829840660095,0.40459805727005005
394,7c651b5d1,0.2766488194465637,0.40793222188949585
560,e25c67e62,0.26791897416114807,0.4166620671749115
