Cohort,Direction,AUC,ThresholdError
healthy,low,0.610752688172043,0.018359243869781494
ad,high,0.5657894736842105,0.01854591630399227
mci,low,0.5506493506493506,0.019757263362407684
converter,high,0.597567424643046,0.017154673114418983
