{
  "threshold_type": "one_vs_rest_per_cohort_from_validation_reconstruction_error",
  "cohort_thresholds": {
    "healthy": {
      "direction": "low",
      "auc": 0.610752688172043,
      "threshold_error": 0.018359243869781494,
      "threshold_score": -0.018359243869781494
    },
    "ad": {
      "direction": "high",
      "auc": 0.5657894736842105,
      "threshold_error": 0.01854591630399227,
      "threshold_score": 0.01854591630399227
    },
    "mci": {
      "direction": "low",
      "auc": 0.5506493506493506,
      "threshold_error": 0.019757263362407684,
      "threshold_score": -0.019757263362407684
    },
    "converter": {
      "direction": "high",
      "auc": 0.597567424643046,
      "threshold_error": 0.017154673114418983,
      "threshold_score": 0.017154673114418983
    }
  },
  "noise_levels": [
    0.0,
    0.05,
    0.1,
    0.2,
    0.3
  ],
  "noise_levels_percent": [
    0.0,
    5.0,
    10.0,
    20.0,
    30.0
  ],
  "n_trials": 10,
  "methods": [
    "feature_noise",
    "matrix_noise_rebuild",
    "edge_perturbation",
    "conditioning_noise"
  ],
  "cohorts_to_analyze": [
    "healthy",
    "ad",
    "mci",
    "converter"
  ],
  "top_k_per_cohort": 5,
  "selected_count_by_cohort": {
    "ad": 5,
    "converter": 5,
    "healthy": 5,
    "mci": 5
  }
}