{
  "n_total": 157,
  "n_events": 58,
  "event_rate": 0.36942675159235666,
  "median_survival_months": 60.0,
  "duration_min_months": 0.0,
  "duration_max_months": 108.0,
  "timeline": [
    0.0,
    12.0,
    24.0,
    36.0,
    48.0,
    60.0,
    72.0,
    84.0,
    96.0,
    108.0
  ],
  "survival": [
    1.0,
    0.8723404255319144,
    0.7401676337846546,
    0.6344294003868464,
    0.5437966289030111,
    0.4774799668416681,
    0.4604271108830372,
    0.4604271108830372,
    0.4604271108830372,
    0.4604271108830372
  ]
}