Split,DatasetIndex,PatientID,Cohort,X Error,Adj Error,Total Error,PredHealthy,TrueHealthy,Margin
Test,22,4ba64d860,healthy,0.01453477144241333,0.0,0.01453477144241333,1,1,0.003824472427368164
Test,12,213b91d25,healthy,0.014615783467888832,0.0,0.014615783467888832,1,1,0.003743460401892662
Test,46,b9b0afb9d,healthy,0.01494579017162323,0.0,0.01494579017162323,1,1,0.003413453698158264
Test,53,f32da4c94,healthy,0.015624871477484703,0.0,0.015624871477484703,1,1,0.002734372392296791
Test,29,72c7bba10,healthy,0.016575545072555542,0.0,0.016575545072555542,1,1,0.0017836987972259521
