DatasetIndex,PatientID,Probability,TrueLabel,AbsMargin
327,536ad028e,0.9832372069358826,0,0.00047457218170166016
187,fbebee616,0.9845635890960693,1,0.0008518099784851074
160,c81213449,0.9855431318283081,1,0.001831352710723877
189,fbebee616,0.9857555031776428,1,0.0020437240600585938
153,b7b9f01f5,0.985841691493988,1,0.0021299123764038086
