{
  "fold": [
    1.0,
    2.0,
    3.0,
    4.0,
    5.0
  ],
  "val_loss": [],
  "val_auc": [
    0.6550802139037433,
    0.7088235294117647,
    0.7823529411764706,
    0.45588235294117646,
    0.6
  ],
  "val_sensitivity": [
    0.8823529411764706,
    0.6176470588235294,
    0.6470588235294118,
    0.29411764705882354,
    0.6176470588235294
  ],
  "val_specificity": [
    0.45454545454545453,
    0.8,
    0.9,
    0.9,
    0.7
  ],
  "val_f1": [
    0.8571428571428571,
    0.7368421052631579,
    0.7719298245614035,
    0.4444444444444444,
    0.7241379310344828
  ],
  "best_threshold": [
    0.028157223016023636,
    0.9239301681518555,
    0.7323632836341858,
    0.9793684482574463,
    0.6972631216049194
  ],
  "best_epoch": [
    25.0,
    25.0,
    25.0,
    25.0,
    25.0
  ]
}