{
  "fold": [
    1,
    2,
    3,
    4,
    5
  ],
  "val_auc": [
    0.6767676767676768,
    0.7598039215686274,
    0.6666666666666667,
    0.6421404682274248,
    0.6
  ],
  "val_sensitivity": [
    0.8409090909090909,
    0.7647058823529411,
    0.6111111111111112,
    0.6086956521739131,
    0.4857142857142857
  ],
  "val_specificity": [
    0.5555555555555556,
    0.75,
    0.75,
    0.6923076923076923,
    0.7777777777777778
  ],
  "val_f1": [
    0.8705882352941177,
    0.8253968253968254,
    0.7333333333333333,
    0.6829268292682927,
    0.6296296296296297
  ],
  "best_threshold": [
    0.05598890408873558,
    0.24860550463199615,
    0.9898303151130676,
    0.25700318813323975,
    0.7677066922187805
  ],
  "best_epoch": [
    25,
    25,
    25,
    25,
    25
  ],
  "pos_weight": [
    0.328125,
    0.28260868787765503,
    0.31617647409439087,
    0.25503355264663696,
    0.30656933784484863
  ],
  "class_cost_weights": [
    [
      1.5058823823928833,
      0.4941176772117615
    ],
    [
      1.5593219995498657,
      0.4406779408454895
    ],
    [
      1.5195530652999878,
      0.4804469048976898
    ],
    [
      1.5935828685760498,
      0.4064171314239502
    ],
    [
      1.5307263135910034,
      0.46927377581596375
    ]
  ]
}