DatasetIndex,PatientID,Probability,TrueLabel,AbsMargin
327,536ad028e,0.9832372069358826,0,0.00047457218170166016
223,12510d07d,0.9787092208862305,0,0.00500255823135376
504,bb1c45a71,0.9227359294891357,0,0.060975849628448486
394,7c651b5d1,0.6678791046142578,0,0.3158326745033264
296,404309f27,0.6433528065681458,0,0.3403589725494385
