DatasetIndex,PatientID,Probability,Margin
358,6b03a7325,3.0376100753399463e-18,0.05274469777941704
499,b83e16246,1.252276548516923e-13,0.05274469777929181
514,c4f20ef75,2.6068572647752752e-11,0.05274469775334847
510,c0dbb0bf3,2.7176044747889705e-10,0.05274469750765659
251,213b91d25,3.545093663070986e-10,0.05274469742490767
