DatasetIndex,PatientID,Probability,Margin
358,6b03a7325,4.420326562057765e-15,0.9957864880561784
499,b83e16246,2.200475565650173e-11,0.9957864880341781
427,8eef0619f,5.837740846281747e-10,0.9957864874724087
514,c4f20ef75,1.201052368671185e-09,0.9957864868551305
537,d5ecfe64c,1.2381642378045399e-09,0.9957864868180186
