DatasetIndex,PatientID,Probability,Margin
560,e25c67e62,0.22968146204948425,0.04384538531303406
508,bd6b65027,0.23186621069908142,0.04166063666343689
255,23cd008c9,0.24696782231330872,0.026559025049209595
394,7c651b5d1,0.2491736114025116,0.024353235960006714
551,df57b92f6,0.2542230784893036,0.01930376887321472
