{
  "run_name": "abi_long_2026-05-08_09-44-02",
  "z_threshold": 3.0,
  "n_folds": 5,
  "random_state": 42,
  "n_rois": 200,
  "best_feature": "abi_baseline",
  "active_threshold": 0.55,
  "cv_results": {
    "fold": [
      1,
      2,
      3,
      4,
      5
    ],
    "val_auc": [
      0.7909090909090909,
      0.905,
      0.81,
      0.93,
      0.8636363636363636
    ],
    "val_sensitivity": [
      0.9999999999090909,
      0.89999999991,
      0.89999999991,
      0.89999999991,
      0.89999999991
    ],
    "val_specificity": [
      0.59999999994,
      0.79999999992,
      0.79999999992,
      0.89999999991,
      0.8181818181074381
    ],
    "val_f1": [
      0.8461538461538461,
      0.8571428571428571,
      0.8571428571428571,
      0.9,
      0.8571428571428571
    ],
    "best_threshold": [
      0.25,
      0.36,
      0.55,
      0.7,
      0.56
    ]
  },
  "all_cv_results": {
    "abi_baseline": {
      "val_auc": [
        0.7909090909090909,
        0.905,
        0.81,
        0.93,
        0.8636363636363636
      ],
      "val_sensitivity": [
        0.9999999999090909,
        0.89999999991,
        0.89999999991,
        0.89999999991,
        0.89999999991
      ],
      "val_specificity": [
        0.59999999994,
        0.79999999992,
        0.79999999992,
        0.89999999991,
        0.8181818181074381
      ],
      "val_f1": [
        0.8461538461538461,
        0.8571428571428571,
        0.8571428571428571,
        0.9,
        0.8571428571428571
      ],
      "best_threshold": [
        0.25,
        0.36,
        0.55,
        0.7,
        0.56
      ]
    },
    "abi_last": {
      "val_auc": [
        0.3136363636363636,
        0.41000000000000003,
        0.26,
        0.67,
        0.45454545454545453
      ],
      "val_sensitivity": [
        0.9999999999090909,
        0.9999999999,
        0.9999999999,
        0.79999999992,
        0.9999999999
      ],
      "val_specificity": [
        0.09999999999,
        0.29999999997,
        0.19999999998,
        0.69999999993,
        0.18181818180165288
      ],
      "val_f1": [
        0.7096774193548387,
        0.7407407407407407,
        0.7142857142857143,
        0.7619047619047619,
        0.6896551724137931
      ],
      "best_threshold": [
        0.26,
        0.39,
        0.37,
        0.81,
        0.34
      ]
    },
    "abi_delta": {
      "val_auc": [
        0.2409090909090909,
        0.18000000000000002,
        0.16999999999999998,
        0.335,
        0.2272727272727273
      ],
      "val_sensitivity": [
        0.9999999999090909,
        0.0,
        0.0,
        0.0,
        0.0
      ],
      "val_specificity": [
        0.09999999999,
        0.9999999999,
        0.9999999999,
        0.9999999999,
        0.9999999999090909
      ],
      "val_f1": [
        0.7096774193548387,
        0.0,
        0.0,
        0.0,
        0.0
      ],
      "best_threshold": [
        -1.7299999999999998,
        Infinity,
        Infinity,
        Infinity,
        Infinity
      ]
    }
  },
  "test_auc": 0.36734693877551017,
  "test_sensitivity": 0.8571428570204082,
  "test_specificity": 0.1428571428367347,
  "test_f1": 0.631578947368421,
  "test_probabilities": [
    0.55,
    0.97,
    0.21,
    0.77,
    0.66,
    0.67,
    0.74,
    1.5,
    0.54,
    1.39,
    1.29,
    0.79,
    1.81,
    3.9
  ],
  "test_labels": [
    0,
    0,
    1,
    0,
    1,
    1,
    1,
    1,
    0,
    0,
    1,
    1,
    0,
    0
  ]
}