{
  "fold": [
    1,
    2,
    3,
    4,
    5
  ],
  "val_auc": [
    0.654040404040404,
    0.8112745098039217,
    0.6180555555555556,
    0.7274247491638796,
    0.6190476190476191
  ],
  "val_sensitivity": [
    0.4090909090909091,
    0.8823529411764706,
    0.6666666666666666,
    0.9130434782608695,
    0.8
  ],
  "val_specificity": [
    0.8888888888888888,
    0.6666666666666666,
    0.625,
    0.6923076923076923,
    0.6666666666666666
  ],
  "val_f1": [
    0.5714285714285714,
    0.8823529411764706,
    0.7619047619047619,
    0.875,
    0.8484848484848485
  ],
  "best_threshold": [
    0.9419544339179993,
    0.11828247457742691,
    0.9288147687911987,
    0.5633924603462219,
    0.9391204714775085
  ],
  "best_epoch": [
    25,
    25,
    25,
    25,
    25
  ],
  "pos_weight": [
    0.328125,
    0.28260868787765503,
    0.31617647409439087,
    0.25503355264663696,
    0.30656933784484863
  ],
  "class_cost_weights": [
    [
      1.5058823823928833,
      0.4941176772117615
    ],
    [
      1.5593219995498657,
      0.4406779408454895
    ],
    [
      1.5195530652999878,
      0.4804469048976898
    ],
    [
      1.5935828685760498,
      0.4064171314239502
    ],
    [
      1.5307263135910034,
      0.46927377581596375
    ]
  ]
}