{
  "run_name": "abi_long_2026-05-08_09-34-13",
  "z_threshold": 3.0,
  "n_folds": 5,
  "random_state": 42,
  "n_rois": 200,
  "best_feature": "slope_abi",
  "active_threshold": -0.20202702706069817,
  "cv_results": {
    "fold": [
      1,
      2,
      3,
      4,
      5
    ],
    "val_auc": [
      0.3318181818181818,
      0.34,
      0.36,
      0.415,
      0.39090909090909093
    ],
    "val_sensitivity": [
      0.9999999999090909,
      0.9999999999,
      0.0,
      0.39999999996,
      0.89999999991
    ],
    "val_specificity": [
      0.09999999999,
      0.09999999999,
      0.9999999999,
      0.69999999993,
      0.18181818180165288
    ],
    "val_f1": [
      0.7096774193548387,
      0.6896551724137931,
      0.0,
      0.47058823529411764,
      0.6428571428571429
    ],
    "best_threshold": [
      -1.164285714479762,
      -0.20202702706069817,
      Infinity,
      0.5400000001124999,
      -0.41100000011416654
    ]
  },
  "all_cv_results": {
    "max_abi": {
      "val_auc": [
        0.35454545454545455,
        0.31,
        0.27999999999999997,
        0.5700000000000001,
        0.24545454545454548
      ],
      "val_sensitivity": [
        0.9090909090082645,
        0.9999999999,
        0.09999999999,
        0.9999999999,
        0.9999999999
      ],
      "val_specificity": [
        0.29999999997,
        0.19999999998,
        0.9999999999,
        0.29999999997,
        0.09090909090082644
      ],
      "val_f1": [
        0.7142857142857143,
        0.7142857142857143,
        0.18181818181818182,
        0.7407407407407407,
        0.6666666666666666
      ],
      "best_threshold": [
        0.64,
        0.24,
        12.51,
        0.52,
        0.57
      ]
    },
    "mean_abi": {
      "val_auc": [
        0.34545454545454546,
        0.32,
        0.3,
        0.54,
        0.3318181818181818
      ],
      "val_sensitivity": [
        0.8181818181074381,
        0.79999999992,
        0.9999999999,
        0.89999999991,
        0.09999999999
      ],
      "val_specificity": [
        0.29999999997,
        0.29999999997,
        0.19999999998,
        0.39999999996,
        0.9090909090082645
      ],
      "val_f1": [
        0.6666666666666666,
        0.64,
        0.7142857142857143,
        0.72,
        0.16666666666666666
      ],
      "best_threshold": [
        0.48500000000000004,
        0.39333333333333337,
        0.22,
        0.52,
        2.5700000000000003
      ]
    },
    "slope_abi": {
      "val_auc": [
        0.3318181818181818,
        0.34,
        0.36,
        0.415,
        0.39090909090909093
      ],
      "val_sensitivity": [
        0.9999999999090909,
        0.9999999999,
        0.0,
        0.39999999996,
        0.89999999991
      ],
      "val_specificity": [
        0.09999999999,
        0.09999999999,
        0.9999999999,
        0.69999999993,
        0.18181818180165288
      ],
      "val_f1": [
        0.7096774193548387,
        0.6896551724137931,
        0.0,
        0.47058823529411764,
        0.6428571428571429
      ],
      "best_threshold": [
        -1.164285714479762,
        -0.20202702706069817,
        Infinity,
        0.5400000001124999,
        -0.41100000011416654
      ]
    }
  },
  "test_auc": 0.22448979591836737,
  "test_sensitivity": 0.4285714285102041,
  "test_specificity": 0.1428571428367347,
  "test_f1": 0.375
}