DatasetIndex,PatientID,Probability,Margin
440,95c562d3e,0.0005059723043814301,0.5283029194688424
239,1b349d5ca,0.0006811110069975257,0.5281277807662264
299,41a2ff167,0.002741201315075159,0.5260676904581487
404,834fb0636,0.0048722815699875355,0.5239366102032363
