{
  "fold": [
    1,
    2,
    3,
    4,
    5
  ],
  "val_auc": [
    0.6919191919191918,
    0.8088235294117648,
    0.6423611111111112,
    0.705685618729097,
    0.6285714285714286
  ],
  "val_sensitivity": [
    0.4090909090909091,
    0.9117647058823529,
    0.9444444444444444,
    0.9130434782608695,
    0.7714285714285715
  ],
  "val_specificity": [
    1.0,
    0.6666666666666666,
    0.5,
    0.6153846153846154,
    0.6666666666666666
  ],
  "val_f1": [
    0.5806451612903226,
    0.8985507246376812,
    0.918918918918919,
    0.8571428571428571,
    0.8307692307692308
  ],
  "best_threshold": [
    0.9826195240020752,
    0.01861923560500145,
    0.2729017734527588,
    0.14567163586616516,
    0.9951613545417786
  ],
  "best_epoch": [
    25,
    25,
    25,
    25,
    25
  ],
  "pos_weight": [
    0.328125,
    0.28260868787765503,
    0.31617647409439087,
    0.25503355264663696,
    0.30656933784484863
  ],
  "class_cost_weights": [
    [
      1.5058823823928833,
      0.4941176772117615
    ],
    [
      1.5593219995498657,
      0.4406779408454895
    ],
    [
      1.5195530652999878,
      0.4804469048976898
    ],
    [
      1.5935828685760498,
      0.4064171314239502
    ],
    [
      1.5307263135910034,
      0.46927377581596375
    ]
  ]
}