{
  "fold": [
    1.0,
    2.0,
    3.0,
    4.0,
    5.0
  ],
  "val_loss": [],
  "val_auc": [
    0.5514285714285714,
    0.5514285714285714,
    0.6229946524064172,
    0.6676470588235295,
    0.5088235294117647
  ],
  "val_sensitivity": [
    0.6857142857142857,
    0.9714285714285714,
    0.9117647058823529,
    0.4411764705882353,
    0.7647058823529411
  ],
  "val_specificity": [
    0.7,
    0.3,
    0.45454545454545453,
    1.0,
    0.4
  ],
  "val_f1": [
    0.7741935483870968,
    0.8947368421052632,
    0.8732394366197183,
    0.6122448979591837,
    0.7878787878787878
  ],
  "best_threshold": [
    0.6253117918968201,
    0.17186947166919708,
    0.5823504328727722,
    0.9325632452964783,
    0.6243942379951477
  ],
  "best_epoch": [
    25.0,
    25.0,
    25.0,
    25.0,
    25.0
  ]
}