DatasetIndex,PatientID,Probability,Margin
299,41a2ff167,0.17574918270111084,0.16633909940719604
573,f328caa31,0.1933683454990387,0.1487199366092682
404,834fb0636,0.2389044463634491,0.10318383574485779
