DatasetIndex,PatientID,Probability,TrueLabel,AbsMargin
119,adf756d40,0.9395691752433777,1,0.0004487037658691406
19,191e8e85d,0.94007807970047,1,0.0009576082229614258
28,2d73e8996,0.9402787089347839,1,0.0011582374572753906
18,191e8e85d,0.9421060085296631,1,0.002985537052154541
57,4e73cdc52,0.9421994686126709,1,0.0030789971351623535
