{
  "best_model": "GradBoosting",
  "cv_auc_mean": 0.6667167919799499,
  "cv_auc_std": 0.06981871380516153,
  "test_auc": 0.6833333333333333,
  "all_models": [
    {
      "model": "LogReg",
      "cv_auc_mean": 0.642406015037594,
      "cv_auc_std": 0.02384257185543115,
      "test_auc": 0.5666666666666667
    },
    {
      "model": "GradBoosting",
      "cv_auc_mean": 0.6667167919799499,
      "cv_auc_std": 0.06981871380516153,
      "test_auc": 0.6833333333333333
    }
  ]
}