{
  "fold": [
    1.0,
    2.0,
    3.0,
    4.0,
    5.0
  ],
  "val_loss": [],
  "val_auc": [
    0.6978609625668449,
    0.7000000000000001,
    0.7058823529411764,
    0.5088235294117647,
    0.6647058823529413
  ],
  "val_sensitivity": [
    0.6764705882352942,
    0.6176470588235294,
    0.9117647058823529,
    0.29411764705882354,
    0.8823529411764706
  ],
  "val_specificity": [
    0.7272727272727273,
    0.8,
    0.5,
    0.9,
    0.5
  ],
  "val_f1": [
    0.7666666666666667,
    0.7368421052631579,
    0.8857142857142857,
    0.4444444444444444,
    0.8695652173913043
  ],
  "best_threshold": [
    0.9406681656837463,
    0.9280341267585754,
    0.5320526361465454,
    0.9567315578460693,
    0.5011957287788391
  ],
  "best_epoch": [
    25.0,
    25.0,
    25.0,
    25.0,
    25.0
  ]
}