DatasetIndex,PatientID,Probability,TrueLabel,AbsMargin
56,4e73cdc52,0.258566677570343,1,0.0002784132957458496
141,b7366d4e7,0.25867149233818054,1,0.000383228063583374
51,4850fb0c1,0.25876080989837646,1,0.0004725456237792969
275,312c25423,0.2576342225074768,0,0.0006540417671203613
23,1eebab647,0.2590170204639435,1,0.0007287561893463135
