{
  "fold": [
    1,
    2,
    3,
    4,
    5
  ],
  "val_auc": [
    0.6485714285714286,
    0.7314285714285713,
    0.7593582887700535,
    0.7999999999999999,
    0.7647058823529411
  ],
  "val_sensitivity": [
    0.5714285714285714,
    0.8571428571428571,
    0.6764705882352942,
    0.7941176470588235,
    0.5882352941176471
  ],
  "val_specificity": [
    0.9,
    0.7,
    0.8181818181818182,
    0.8,
    0.9
  ],
  "val_f1": [
    0.7142857142857143,
    0.8823529411764706,
    0.7796610169491526,
    0.8571428571428571,
    0.7272727272727273
  ],
  "best_threshold": [
    0.9597876071929932,
    0.9381895661354065,
    0.37621238827705383,
    0.5011961460113525,
    0.9377005100250244
  ],
  "best_epoch": [
    25,
    25,
    25,
    25,
    25
  ],
  "pos_weight": [
    0.29927006363868713,
    0.29927006363868713,
    0.28985506296157837,
    0.2971014380455017,
    0.2971014380455017
  ],
  "class_cost_weights": [
    [
      1.5393258333206177,
      0.46067413687705994
    ],
    [
      1.5393258333206177,
      0.46067413687705994
    ],
    [
      1.550561785697937,
      0.4494382441043854
    ],
    [
      1.5418994426727295,
      0.4581005573272705
    ],
    [
      1.5418994426727295,
      0.4581005573272705
    ]
  ]
}