DatasetIndex,PatientID,Probability,Margin
427,8eef0619f,0.33465248346328735,0.3499285578727722
551,df57b92f6,0.2951498031616211,0.3894312381744385
234,16cf80a1a,0.2799829840660095,0.40459805727005005
394,7c651b5d1,0.2766488492488861,0.40793219208717346
560,e25c67e62,0.26791897416114807,0.4166620671749115
