DatasetIndex,PatientID,Probability,Margin
580,f328caa31,0.03540155664086342,0.8971616886556149
299,41a2ff167,0.46531006693840027,0.467253178358078
404,834fb0636,0.5664330124855042,0.3661302328109741
440,95c562d3e,0.7288351655006409,0.2037280797958374
239,1b349d5ca,0.7729233503341675,0.1596398949623108
