DatasetIndex,PatientID,Probability,Margin
394,7c651b5d1,1.2719056030618958e-06,0.9376992381194214
551,df57b92f6,0.0004446553939487785,0.9372558546310756
508,bd6b65027,0.001364798517897725,0.9363357115071267
560,e25c67e62,0.006670324597507715,0.9310301854275167
255,23cd008c9,0.008710997179150581,0.9289895128458738
