{
  "run_name": "abi_long_2026-05-08_09-16-15",
  "z_threshold": 2.0,
  "n_folds": 5,
  "random_state": 42,
  "n_rois": 200,
  "best_feature": "slope_abi",
  "active_threshold": Infinity,
  "cv_results": {
    "fold": [
      1,
      2,
      3,
      4,
      5
    ],
    "val_auc": [
      0.5,
      0.5,
      0.5,
      0.5,
      0.5
    ],
    "val_sensitivity": [
      0.0,
      0.0,
      0.0,
      0.0,
      0.0
    ],
    "val_specificity": [
      0.9999999999,
      0.9999999999,
      0.9999999999,
      0.9999999999,
      0.9999999999090909
    ],
    "val_f1": [
      0.0,
      0.0,
      0.0,
      0.0,
      0.0
    ],
    "best_threshold": [
      Infinity,
      Infinity,
      Infinity,
      Infinity,
      Infinity
    ]
  },
  "all_cv_results": {
    "max_abi": {
      "val_auc": [
        0.36363636363636365,
        0.39000000000000007,
        0.35000000000000003,
        0.5900000000000001,
        0.2545454545454546
      ],
      "val_sensitivity": [
        0.9999999999090909,
        0.9999999999,
        0.9999999999,
        0.89999999991,
        0.9999999999
      ],
      "val_specificity": [
        0.29999999997,
        0.29999999997,
        0.19999999998,
        0.49999999995,
        0.09090909090082644
      ],
      "val_f1": [
        0.7586206896551724,
        0.7407407407407407,
        0.7142857142857143,
        0.75,
        0.6666666666666666
      ],
      "best_threshold": [
        9.45,
        7.34,
        7.59,
        11.42,
        9.9
      ]
    },
    "mean_abi": {
      "val_auc": [
        0.36363636363636365,
        0.4,
        0.34,
        0.65,
        0.3545454545454545
      ],
      "val_sensitivity": [
        0.9999999999090909,
        0.9999999999,
        0.9999999999,
        0.9999999999,
        0.9999999999
      ],
      "val_specificity": [
        0.19999999998,
        0.29999999997,
        0.19999999998,
        0.39999999996,
        0.09090909090082644
      ],
      "val_f1": [
        0.7333333333333333,
        0.7407407407407407,
        0.7142857142857143,
        0.7692307692307693,
        0.6666666666666666
      ],
      "best_threshold": [
        7.956666666666667,
        6.95,
        7.59,
        8.8625,
        7.096666666666667
      ]
    },
    "slope_abi": {
      "val_auc": [
        0.5,
        0.5,
        0.5,
        0.5,
        0.5
      ],
      "val_sensitivity": [
        0.0,
        0.0,
        0.0,
        0.0,
        0.0
      ],
      "val_specificity": [
        0.9999999999,
        0.9999999999,
        0.9999999999,
        0.9999999999,
        0.9999999999090909
      ],
      "val_f1": [
        0.0,
        0.0,
        0.0,
        0.0,
        0.0
      ],
      "best_threshold": [
        Infinity,
        Infinity,
        Infinity,
        Infinity,
        Infinity
      ]
    }
  },
  "test_auc": 0.5,
  "test_sensitivity": 0.0,
  "test_specificity": 0.9999999998571428,
  "test_f1": 0.0
}