{
  "fold": [
    1.0,
    2.0,
    3.0,
    4.0,
    5.0
  ],
  "val_loss": [],
  "val_auc": [
    0.5285714285714286,
    0.6542857142857142,
    0.5882352941176471,
    0.6205882352941176,
    0.6735294117647059
  ],
  "val_sensitivity": [
    1.0,
    0.5142857142857142,
    0.8823529411764706,
    0.7352941176470589,
    0.7058823529411765
  ],
  "val_specificity": [
    0.2,
    0.8,
    0.36363636363636365,
    0.5,
    0.7
  ],
  "val_f1": [
    0.8974358974358975,
    0.6545454545454545,
    0.8450704225352113,
    0.78125,
    0.7868852459016393
  ],
  "best_threshold": [
    0.29396316409111023,
    0.8489357829093933,
    0.7868921756744385,
    0.8537455201148987,
    0.8867504000663757
  ],
  "best_epoch": [
    25.0,
    25.0,
    25.0,
    25.0,
    25.0
  ]
}