DatasetIndex,PatientID,Probability,TrueLabel,AbsMargin
407,849bda713,0.290082722902298,0,0.018074065446853638
329,54e0f059e,0.009226257912814617,0,0.298930530436337
377,74816bbba,0.008543333038687706,0,0.2996134553104639
562,e6b521171,0.0022291180212050676,0,0.30592767032794654
551,df57b92f6,0.0017921652179211378,0,0.3063646231312305
