{
  "run_timestamp": "2026-04-20_17-50-54",
  "z_threshold": 2.0,
  "n_folds": 5,
  "random_state": 42,
  "n_rois": 200,
  "reference_group": "mci_train",
  "n_reference_matrices": 43,
  "n_reference_subjects": 43,
  "selected_method": "logreg",
  "cv_results_threshold": {
    "fold": [
      1,
      2,
      3,
      4,
      5
    ],
    "val_auc": [
      0.6142857142857143,
      0.7485714285714286,
      0.622994652406417,
      0.9558823529411764,
      0.5147058823529411
    ],
    "val_sensitivity": [
      0.8285714285714286,
      0.7714285714285715,
      0.47058823529411764,
      0.9117647058823529,
      0.5588235294117647
    ],
    "val_specificity": [
      0.4,
      0.8,
      0.9090909090909091,
      0.9,
      0.6
    ],
    "val_f1": [
      0.8285714285714286,
      0.84375,
      0.6274509803921569,
      0.9393939393939394,
      0.6666666666666666
    ],
    "best_threshold": [
      6.59,
      8.3,
      10.18,
      7.17,
      9.36
    ]
  },
  "cv_results_logreg": {
    "fold": [
      1,
      2,
      3,
      4,
      5
    ],
    "val_auc": [
      0.6342857142857142,
      0.7057142857142857,
      0.6657754010695187,
      0.9558823529411764,
      0.5294117647058824
    ],
    "val_sensitivity": [
      0.5714285714285714,
      0.8857142857142857,
      0.4411764705882353,
      0.7647058823529411,
      0.6176470588235294
    ],
    "val_specificity": [
      0.7,
      0.6,
      0.9090909090909091,
      1.0,
      0.6
    ],
    "val_f1": [
      0.6896551724137931,
      0.8857142857142857,
      0.6,
      0.8666666666666667,
      0.711864406779661
    ],
    "best_threshold": [
      0.5057621312237303,
      0.40006918731198127,
      0.5389561909451897,
      0.4889042721906916,
      0.5059193801822703
    ]
  },
  "cv_summary_threshold": {
    "auc_mean": 0.6912880061115356,
    "auc_std": 0.1517011143009436,
    "sensitivity_mean": 0.7082352941176471,
    "specificity_mean": 0.7218181818181819,
    "f1_mean": 0.7811666030048383
  },
  "cv_summary_logreg": {
    "auc_mean": 0.6982139037433155,
    "auc_std": 0.14147969285264855,
    "sensitivity_mean": 0.6561344537815126,
    "specificity_mean": 0.7618181818181818,
    "f1_mean": 0.7507801063148813
  }
}