{
  "fold": [
    1,
    2,
    3,
    4,
    5
  ],
  "val_auc": [
    0.5542857142857143,
    0.6942857142857143,
    0.8101604278074865,
    0.7588235294117647,
    0.7647058823529411
  ],
  "val_sensitivity": [
    1.0,
    0.7142857142857143,
    0.7647058823529411,
    0.8235294117647058,
    0.7058823529411765
  ],
  "val_specificity": [
    0.2,
    0.8,
    0.8181818181818182,
    0.7,
    0.8
  ],
  "val_f1": [
    0.8974358974358975,
    0.8064516129032258,
    0.8387096774193549,
    0.8615384615384616,
    0.8
  ],
  "best_threshold": [
    0.013327867724001408,
    0.2254306972026825,
    0.5288088917732239,
    0.9986421465873718,
    0.9577404260635376
  ],
  "best_epoch": [
    25,
    25,
    25,
    25,
    25
  ],
  "pos_weight": [
    0.29927006363868713,
    0.29927006363868713,
    0.28985506296157837,
    0.2971014380455017,
    0.2971014380455017
  ],
  "class_cost_weights": [
    [
      1.5393258333206177,
      0.46067413687705994
    ],
    [
      1.5393258333206177,
      0.46067413687705994
    ],
    [
      1.550561785697937,
      0.4494382441043854
    ],
    [
      1.5418994426727295,
      0.4581005573272705
    ],
    [
      1.5418994426727295,
      0.4581005573272705
    ]
  ]
}