DatasetIndex,PatientID,Probability,TrueLabel,AbsMargin
56,4e73cdc52,0.258566677570343,1,0.0002784132957458496
141,b7366d4e7,0.25867146253585815,1,0.00038319826126098633
51,4850fb0c1,0.25876080989837646,1,0.0004725456237792969
275,312c25423,0.2576341927051544,0,0.000654071569442749
23,1eebab647,0.2590170204639435,1,0.0007287561893463135
