{
  "conv_type": "gat",
  "max_floor_frac": 0.5,
  "epochs_cap": 80,
  "best_params": {
    "beta": 0.0010896941323114836,
    "free_bits": 1.348660677227613,
    "beta_warmup_epochs": 42,
    "learning_rate": 0.0012199697197336017,
    "feature_loss_weight": 2.0455002041952355
  },
  "best_val_recon": 0.6864124983549118,
  "best_user_attrs": {
    "frac_dims_at_floor_tail_mean": 0.25442708333333336,
    "raw_kl_mean_tail": 1.5244521419207255,
    "val_recon_best": 0.6864124983549118,
    "epochs_run": 80
  },
  "n_completed": 12,
  "n_pruned": 8,
  "all_trials": [
    {
      "number": 0,
      "state": "TrialState.COMPLETE",
      "params": {
        "beta": 0.005207279469602689,
        "free_bits": 0.7104049418007369,
        "beta_warmup_epochs": 46,
        "learning_rate": 0.0026234074720346396,
        "feature_loss_weight": 2.619254553214272
      },
      "value": 0.7454039752483368,
      "user_attrs": {
        "frac_dims_at_floor_tail_mean": 0.06302083333333333,
        "raw_kl_mean_tail": 0.8258551408847173,
        "val_recon_best": 0.7454039752483368,
        "epochs_run": 80
      }
    },
    {
      "number": 1,
      "state": "TrialState.PRUNED",
      "params": {
        "beta": 0.002451591975473635,
        "free_bits": 1.966414888615632,
        "beta_warmup_epochs": 59,
        "learning_rate": 0.0016982127747895833,
        "feature_loss_weight": 1.0554452924220237
      },
      "value": null,
      "user_attrs": {
        "frac_dims_at_floor_tail_mean": 0.7596354166666666,
        "raw_kl_mean_tail": 1.9346946616967522,
        "val_recon_best": 0.6787518411874771,
        "epochs_run": 68
      }
    },
    {
      "number": 2,
      "state": "TrialState.PRUNED",
      "params": {
        "beta": 0.0357908866534871,
        "free_bits": 1.7387391512287982,
        "beta_warmup_epochs": 59,
        "learning_rate": 0.0012217470615824612,
        "feature_loss_weight": 3.6137167094100566
      },
      "value": null,
      "user_attrs": {
        "frac_dims_at_floor_tail_mean": 0.86796875,
        "raw_kl_mean_tail": 1.6853403806686402,
        "val_recon_best": 0.6882309317588806,
        "epochs_run": 68
      }
    },
    {
      "number": 3,
      "state": "TrialState.COMPLETE",
      "params": {
        "beta": 0.004355200861935126,
        "free_bits": 0.5741207962297227,
        "beta_warmup_epochs": 31,
        "learning_rate": 0.0009720775146063453,
        "feature_loss_weight": 3.672647011864971
      },
      "value": 0.7407836318016052,
      "user_attrs": {
        "frac_dims_at_floor_tail_mean": 0.0,
        "raw_kl_mean_tail": 0.9088887572288515,
        "val_recon_best": 0.7407836318016052,
        "epochs_run": 80
      }
    },
    {
      "number": 4,
      "state": "TrialState.PRUNED",
      "params": {
        "beta": 0.04291758092419876,
        "free_bits": 1.4910258592593744,
        "beta_warmup_epochs": 32,
        "learning_rate": 0.0012670263694206727,
        "feature_loss_weight": 2.935267367961665
      },
      "value": null,
      "user_attrs": {
        "frac_dims_at_floor_tail_mean": 0.8533854166666668,
        "raw_kl_mean_tail": 1.4382262965043386,
        "val_recon_best": 0.6997561901807785,
        "epochs_run": 41
      }
    },
    {
      "number": 5,
      "state": "TrialState.COMPLETE",
      "params": {
        "beta": 0.0042146464875447275,
        "free_bits": 0.6735024131592015,
        "beta_warmup_epochs": 57,
        "learning_rate": 0.00196317630212962,
        "feature_loss_weight": 3.8595390430677012
      },
      "value": 0.7376415133476257,
      "user_attrs": {
        "frac_dims_at_floor_tail_mean": 0.0,
        "raw_kl_mean_tail": 0.9153642286856968,
        "val_recon_best": 0.7376415133476257,
        "epochs_run": 80
      }
    },
    {
      "number": 6,
      "state": "TrialState.PRUNED",
      "params": {
        "beta": 0.0460513056054629,
        "free_bits": 0.6172564531754746,
        "beta_warmup_epochs": 44,
        "learning_rate": 0.0008706784090082443,
        "feature_loss_weight": 3.904329436696007
      },
      "value": null,
      "user_attrs": {
        "frac_dims_at_floor_tail_mean": 0.7260416666666666,
        "raw_kl_mean_tail": 0.6034769733746845,
        "val_recon_best": 0.8551515638828278,
        "epochs_run": 53
      }
    },
    {
      "number": 7,
      "state": "TrialState.PRUNED",
      "params": {
        "beta": 0.01017171256470589,
        "free_bits": 1.8036097479033535,
        "beta_warmup_epochs": 47,
        "learning_rate": 0.0008509735825118808,
        "feature_loss_weight": 1.2169998454781066
      },
      "value": null,
      "user_attrs": {
        "frac_dims_at_floor_tail_mean": 0.8408854166666668,
        "raw_kl_mean_tail": 1.7606933275858558,
        "val_recon_best": 0.6850125640630722,
        "epochs_run": 56
      }
    },
    {
      "number": 8,
      "state": "TrialState.PRUNED",
      "params": {
        "beta": 0.039969240036649506,
        "free_bits": 1.7690680473052784,
        "beta_warmup_epochs": 58,
        "learning_rate": 0.001973460425962832,
        "feature_loss_weight": 2.756583185439888
      },
      "value": null,
      "user_attrs": {
        "frac_dims_at_floor_tail_mean": 0.85546875,
        "raw_kl_mean_tail": 1.7110062479972838,
        "val_recon_best": 0.6833575963973999,
        "epochs_run": 67
      }
    },
    {
      "number": 9,
      "state": "TrialState.COMPLETE",
      "params": {
        "beta": 0.0011060314455277318,
        "free_bits": 1.228457010902035,
        "beta_warmup_epochs": 41,
        "learning_rate": 0.0011778819830094232,
        "feature_loss_weight": 2.934369034624775
      },
      "value": 0.6904922127723694,
      "user_attrs": {
        "frac_dims_at_floor_tail_mean": 0.06119791666666667,
        "raw_kl_mean_tail": 1.515861282745997,
        "val_recon_best": 0.6904922127723694,
        "epochs_run": 80
      }
    },
    {
      "number": 10,
      "state": "TrialState.COMPLETE",
      "params": {
        "beta": 0.0010394628835166766,
        "free_bits": 1.066301674504681,
        "beta_warmup_epochs": 38,
        "learning_rate": 0.0005287296401284774,
        "feature_loss_weight": 4.7943742874627375
      },
      "value": 0.6930654942989349,
      "user_attrs": {
        "frac_dims_at_floor_tail_mean": 0.0,
        "raw_kl_mean_tail": 1.7121428489685058,
        "val_recon_best": 0.6930654942989349,
        "epochs_run": 80
      }
    },
    {
      "number": 11,
      "state": "TrialState.COMPLETE",
      "params": {
        "beta": 0.0010108630407051687,
        "free_bits": 1.0981449541878545,
        "beta_warmup_epochs": 38,
        "learning_rate": 0.000507628954542257,
        "feature_loss_weight": 4.944095012869522
      },
      "value": 0.6918142288923264,
      "user_attrs": {
        "frac_dims_at_floor_tail_mean": 0.0,
        "raw_kl_mean_tail": 1.7075623850027721,
        "val_recon_best": 0.6918142288923264,
        "epochs_run": 80
      }
    },
    {
      "number": 12,
      "state": "TrialState.COMPLETE",
      "params": {
        "beta": 0.0010524512455817065,
        "free_bits": 1.1113074608371138,
        "beta_warmup_epochs": 39,
        "learning_rate": 0.0005446045100717808,
        "feature_loss_weight": 4.8248505356457665
      },
      "value": 0.6926151812076569,
      "user_attrs": {
        "frac_dims_at_floor_tail_mean": 0.0,
        "raw_kl_mean_tail": 1.6741297741731007,
        "val_recon_best": 0.6926151812076569,
        "epochs_run": 80
      }
    },
    {
      "number": 13,
      "state": "TrialState.COMPLETE",
      "params": {
        "beta": 0.001886810822095262,
        "free_bits": 1.0662168408267219,
        "beta_warmup_epochs": 38,
        "learning_rate": 0.0006133818754555632,
        "feature_loss_weight": 1.900423314918574
      },
      "value": 0.7035101801156998,
      "user_attrs": {
        "frac_dims_at_floor_tail_mean": 0.03645833333333333,