{
  "conv_type": "gcn",
  "max_floor_frac": 0.5,
  "epochs_cap": 80,
  "best_params": {
    "beta": 0.0010147045294956996,
    "free_bits": 1.2701204412328289,
    "beta_warmup_epochs": 42,
    "learning_rate": 0.0008687972224832488,
    "feature_loss_weight": 1.6863004494345537
  },
  "best_val_recon": 0.7121184170246124,
  "best_user_attrs": {
    "frac_dims_at_floor_tail_mean": 0.02890625,
    "raw_kl_mean_tail": 1.3720775922139485,
    "val_recon_best": 0.7121184170246124,
    "epochs_run": 80
  },
  "n_completed": 11,
  "n_pruned": 9,
  "all_trials": [
    {
      "number": 0,
      "state": "TrialState.PRUNED",
      "params": {
        "beta": 0.00966292080356656,
        "free_bits": 1.5356641456312445,
        "beta_warmup_epochs": 51,
        "learning_rate": 0.0011595843287366574,
        "feature_loss_weight": 4.381652422419316
      },
      "value": null,
      "user_attrs": {
        "frac_dims_at_floor_tail_mean": 0.8515625,
        "raw_kl_mean_tail": 1.5130666116873426,
        "val_recon_best": 0.7283585518598557,
        "epochs_run": 60
      }
    },
    {
      "number": 1,
      "state": "TrialState.COMPLETE",
      "params": {
        "beta": 0.00416791011546434,
        "free_bits": 0.6800968473586683,
        "beta_warmup_epochs": 58,
        "learning_rate": 0.00147053632301784,
        "feature_loss_weight": 4.225281305800147
      },
      "value": 0.794424906373024,
      "user_attrs": {
        "frac_dims_at_floor_tail_mean": 0.0,
        "raw_kl_mean_tail": 0.9065501163403192,
        "val_recon_best": 0.794424906373024,
        "epochs_run": 80
      }
    },
    {
      "number": 2,
      "state": "TrialState.PRUNED",
      "params": {
        "beta": 0.007319106014426274,
        "free_bits": 1.698148438086846,
        "beta_warmup_epochs": 53,
        "learning_rate": 0.0005302712930810939,
        "feature_loss_weight": 2.3052590809981783
      },
      "value": null,
      "user_attrs": {
        "frac_dims_at_floor_tail_mean": 0.88515625,
        "raw_kl_mean_tail": 1.6684568564097089,
        "val_recon_best": 0.7161789834499359,
        "epochs_run": 62
      }
    },
    {
      "number": 3,
      "state": "TrialState.COMPLETE",
      "params": {
        "beta": 0.0012404320629397683,
        "free_bits": 1.4385759232756175,
        "beta_warmup_epochs": 43,
        "learning_rate": 0.0025800807116441696,
        "feature_loss_weight": 2.4609098545273564
      },
      "value": 0.7150767296552658,
      "user_attrs": {
        "frac_dims_at_floor_tail_mean": 0.4322916666666667,
        "raw_kl_mean_tail": 1.5097683628400165,
        "val_recon_best": 0.7150767296552658,
        "epochs_run": 68
      }
    },
    {
      "number": 4,
      "state": "TrialState.PRUNED",
      "params": {
        "beta": 0.0355778479126103,
        "free_bits": 0.6619771069302888,
        "beta_warmup_epochs": 47,
        "learning_rate": 0.002650108622731557,
        "feature_loss_weight": 2.369949487318355
      },
      "value": null,
      "user_attrs": {
        "frac_dims_at_floor_tail_mean": 0.7341145833333333,
        "raw_kl_mean_tail": 0.6491813639799754,
        "val_recon_best": 0.8700158149003983,
        "epochs_run": 56
      }
    },
    {
      "number": 5,
      "state": "TrialState.PRUNED",
      "params": {
        "beta": 0.02527730122190763,
        "free_bits": 0.8639434329083225,
        "beta_warmup_epochs": 56,
        "learning_rate": 0.0014827548305428354,
        "feature_loss_weight": 1.9990133835463437
      },
      "value": null,
      "user_attrs": {
        "frac_dims_at_floor_tail_mean": 0.78203125,
        "raw_kl_mean_tail": 0.848584669828415,
        "val_recon_best": 0.7850015312433243,
        "epochs_run": 65
      }
    },
    {
      "number": 6,
      "state": "TrialState.PRUNED",
      "params": {
        "beta": 0.006740787209594421,
        "free_bits": 1.3803196242484865,
        "beta_warmup_epochs": 33,
        "learning_rate": 0.0006661143564037848,
        "feature_loss_weight": 3.011176814940678
      },
      "value": null,
      "user_attrs": {
        "frac_dims_at_floor_tail_mean": 0.8033854166666666,
        "raw_kl_mean_tail": 1.3652507265408835,
        "val_recon_best": 0.7291558533906937,
        "epochs_run": 42
      }
    },
    {
      "number": 7,
      "state": "TrialState.PRUNED",
      "params": {
        "beta": 0.060965375855772434,
        "free_bits": 1.5567616470475973,
        "beta_warmup_epochs": 37,
        "learning_rate": 0.0007155291985332217,
        "feature_loss_weight": 3.927586786906463
      },
      "value": null,
      "user_attrs": {
        "frac_dims_at_floor_tail_mean": 0.9036458333333333,
        "raw_kl_mean_tail": 1.5155276020367938,
        "val_recon_best": 0.7305166274309158,
        "epochs_run": 46
      }
    },
    {
      "number": 8,
      "state": "TrialState.PRUNED",
      "params": {
        "beta": 0.059893110506606353,
        "free_bits": 1.487957125977099,
        "beta_warmup_epochs": 39,
        "learning_rate": 0.002461067934863753,
        "feature_loss_weight": 3.93419272711437
      },
      "value": null,
      "user_attrs": {
        "frac_dims_at_floor_tail_mean": 0.8945312500000002,
        "raw_kl_mean_tail": 1.4428586065769196,
        "val_recon_best": 0.7174798399209976,
        "epochs_run": 48
      }
    },
    {
      "number": 9,
      "state": "TrialState.COMPLETE",
      "params": {
        "beta": 0.010775846487343732,
        "free_bits": 0.5055441886150028,
        "beta_warmup_epochs": 42,
        "learning_rate": 0.0019808262922340644,
        "feature_loss_weight": 2.084225906525848
      },
      "value": 0.9091328680515289,
      "user_attrs": {
        "frac_dims_at_floor_tail_mean": 0.0,
        "raw_kl_mean_tail": 0.5756893982489905,
        "val_recon_best": 0.9091328680515289,
        "epochs_run": 80
      }
    },
    {
      "number": 10,
      "state": "TrialState.COMPLETE",
      "params": {
        "beta": 0.0010665654179867396,
        "free_bits": 1.0619688388404103,
        "beta_warmup_epochs": 30,
        "learning_rate": 0.00105016924833476,
        "feature_loss_weight": 1.098343967294592
      },
      "value": 0.7177440822124481,
      "user_attrs": {
        "frac_dims_at_floor_tail_mean": 0.0,
        "raw_kl_mean_tail": 1.317002747456233,
        "val_recon_best": 0.7177440822124481,
        "epochs_run": 78
      }
    },
    {
      "number": 11,
      "state": "TrialState.COMPLETE",
      "params": {
        "beta": 0.0010080496963256085,
        "free_bits": 1.10301175041552,
        "beta_warmup_epochs": 30,
        "learning_rate": 0.0010247523330514565,
        "feature_loss_weight": 1.030612154844452
      },
      "value": 0.716088056564331,
      "user_attrs": {
        "frac_dims_at_floor_tail_mean": 0.0,
        "raw_kl_mean_tail": 1.3544062077999115,
        "val_recon_best": 0.716088056564331,
        "epochs_run": 74
      }
    },
    {
      "number": 12,
      "state": "TrialState.COMPLETE",
      "params": {
        "beta": 0.0010601129482900446,
        "free_bits": 1.1400143931000444,
        "beta_warmup_epochs": 45,
        "learning_rate": 0.0009578114486563775,
        "feature_loss_weight": 1.0120009114183814
      },
      "value": 0.7175500094890594,
      "user_attrs": {
        "frac_dims_at_floor_tail_mean": 0.0010416666666666667,
        "raw_kl_mean_tail": 1.3330485781033832,
        "val_recon_best": 0.7175500094890594,
        "epochs_run": 78
      }
    },
    {
      "number": 13,
      "state": "TrialState.PRUNED",
      "params": {
        "beta": 0.002332435204550392,
        "free_bits": 1.9219236784113334,
        "beta_warmup_epochs": 35,
        "learning_rate": 0.001839706600297074,
        "feature_loss_weight": 3.2280884545061848
      },
      "value": null,
      "user_attrs": {
        "frac_dims_at_floor_tail_mean": 0.8122395833333333,
        "raw_kl_mean_tail": 1.9085959315299992,